<?xml version="1.0"?>
<schema version="0.3">
 <table name="CoreCommerceDiscountTypeProduct">
    <field name="discountID" type="I" size="10">
      <KEY/>
      <DEFAULT value="0"/>
      <UNSIGNED/>
    </field>
    <field name="discountProductFilter" type="C" size="32"/>
    <field name="amount" type="N" size="14.4">
      <DEFAULT value="0.0000"/>
    </field>
    <field name="mode" type="C" size="255">
      <DEFAULT value=""/>
    </field>

  </table>
  <table name="CoreCommerceDiscountTypeProductProductSets">
    <field name="discountID" type="I" size="10">
      <KEY/>
      <DEFAULT value="0"/>
      <UNSIGNED/>
    </field>
    <field name="prsID" type="I" size="10">
      <KEY/>
      <DEFAULT value="0"/>
      <UNSIGNED/>
    </field>
  </table>
  <table name="CoreCommerceDiscountTypeProductProducts">
    <field name="discountID" type="I" size="10">
      <KEY/>
      <DEFAULT value="0"/>
      <UNSIGNED/>
    </field>
    <field name="productID" type="I" size="10">
      <KEY/>
      <DEFAULT value="0"/>
      <UNSIGNED/>
    </field>
  </table>
</schema>