<?xml version="1.0"?>
<schema version="0.3">
	<table name="btCoreCommerceCartLinks">
		<field name="bID" type="I">
			<key />
			<unsigned />
		</field>
		<field name="showCartLink" type="I1">
			<unsigned />
			<notnull />
			<default value="1" />
		</field>
		<field name="showItemQuantity" type="I1">
			<unsigned />
			<notnull />
			<default value="1" />
		</field>
		<field name="showCheckoutLink" type="I1">
			<unsigned />
			<notnull />
			<default value="1" />
		</field>
		<field name="cartLinkText" type="C" size="64"></field>
		<field name="checkoutLinkText" type="C" size="64"></field>
	</table>
</schema>
