<?xml version="1.0"?>
<schema version="0.3">
<table name="atCoreCommerceProductAdjustmentText">
    <field name="avID" type="I" size="10">
      <KEY/>
      <DEFAULT value="0"/>
      <UNSIGNED/>
    </field>
   <field name="value" type="N" size="14.2" >
      <NOTNULL/>
      <DEFAULT value="0"/>
    </field>
  </table>
  <table name="atCoreCommerceProductAdjustmentTextSettings">
    <field name="akID" type="I" size="10">
      <KEY/>
      <UNSIGNED />
    </field>
    <field name="akAdjustmentDefault"  type="N" size="14.2" >
      <NOTNULL/>
      <DEFAULT value="0"/>
    </field>
  </table>
</schema>